,ランキング,商品名,価格
0,1,【クーポン配布中】 4種ナッツ 850g ミックスナッツ 無塩 有塩が選べる ラッキーミックスナッツ ハッピーミックスナッツ 4種のミックスナッツ 送料無料 無添加 1kgより少し少ない850g アーモンド くるみ マカダミアナッツ カシューナッツ 家飲み 訳あり,1399
1,2,【半額695円クーポン】【送料無料】パック シートマスク フェイスマスク フェイスパック シートパック 35枚 大容量 ランキング1位 マスクパック ルイール 化粧水 無香料 日本製 おすすめ［プリュ / PLuS プラセンタ モイスチュアマスク 35枚入］[YP]通【楽天スーパーSALE】,1390
2,3,【1パックあたり198円】【送料無料】牛丼の具20パックセット すき家 牛丼の具 冷食 お弁当 おかず 惣菜 冷凍食品 【S8】,3960
3,4,※まとめ買い不可※ パンパース オムツ パンツ さらさらケア(4個)【パンパース】,6380
4,5,【スーパーSALE期間限定】「楽天1位」スマートウォッチ itDEAL H2 体温測定 心拍計 歩数計 血中酸素 1.54インチ大画面 IP68防水 GPS連携 レディース メンズ 日本語 着信通知 睡眠計 睡眠検測 アラーム 時計 血圧 腕 iphone 対応 android 対応 2021 腕時計,3780
5,6,"赤字覚悟の2,000円OFFスーパーセール限定クーポン！ミルキープリンセス 10kg (精米後9kg) 送料無料 真空パック 5kg（精米後4.5kg）×2袋 選べる精米（玄米／胚芽米／白米／無洗米）2020年産 令和2年産 秋田県産 農家直送 小分",5200
6,7,【M L BIG 6月22日以降順次出荷予定】メリーズ おむつ パンツ梱販売用S M L ビッグ ビッグより大 梱販売用(3個セット)【メリーズ】[オムツ 紙おむつ 赤ちゃん まとめ買い 通気性],4224
7,8,★夏限定新登場★【BOTANIST ボタニカル シャンプー ・ トリートメント】 ボタニスト リフレッシュ 夏限定 モイスト スムース ダメージケア スカルプ クレンズ バウンシー ヘアケア ホワイトティー 父の日 ボトル 単品 送料無料,1540
8,9,【メーカー公式】【予約販売】【TVで紹介されました！】枕 ヒツジのいらない枕-至極- ブラック ジェル 高反発 首こり 消臭 洗える 寝返り 横向き 仰向け 【父の日 ギフト 誕生日 プレゼント】HT-001,15800
9,10,"【ポイント15倍/5％OFF】【最大1,000円クーポン配布中】【CICAデイリースージングマスク (30枚入り) 】シートマスク マスクパック シカ 鎮静 潤いスキンケア フェイスパック コスメ 保湿 大容量 韓国コスメ 化粧水 自宅エステ おうち美容【VT公式】_AD",2299
10,11,[在庫限りで終了！父の日専用ギフト箱付][11年連続グルメ大賞]特大国産うなぎ蒲焼き3種セット[山椒別売]父の日 早割 ギフト プレゼント うなぎ ウナギ 鰻 蒲焼き 国内産 国産 土用丑の日 誕生日 お礼 内祝 父の日ギフト 詰め合わせ 花以外 食べ物[MP][SI][et],6380
11,12,【6/18以降順次出荷】アタック3X 洗濯洗剤 つめかえ用 メガサイズ 梱販売用(2.5kg*4袋入)【アタック】,3828
12,13,"【10周年祭開催中！最大P10倍！】★クーポンで198円★プラセンタ50倍濃縮 約1ヵ月分 1カプセルに4,000mg配合 NMN アスタキサンチン シルクペプチド 亜麻仁油 サプリ サプリメント",1480
13,14,【公式｜送料無料｜アゲツヤミニブラシ】箱潰れ特価 ポータブルミニブラシ　海外対応 AGETUYA コームアイロン ヘアアイロン MAX210℃ ストレートアイロン　カールアイロン　口コミ　2way ヘアーアイロン コテ ヒートブラシ 3/5日楽天デイリー美容家電ランキング1位,3982
14,15,【6/19以降順次出荷】アタック 抗菌EX スーパークリアジェル 洗濯洗剤 詰め替え 特大サイズ 梱販売用(1.6kg*6個)【3brnd-9】【アタック】[洗浄 消臭 部屋干し つめかえ 詰替 液体 まとめ買い],3180
15,16,夏祭り666円SALE！「三十雑穀」タマチャンショップの30雑穀米 送料無料1日30品目の栄養を実現！白米と一緒に炊くだけで、もちぷち美味しい栄養満点ごはん楽天総合ランキング1位三十雑穀米 雑穀米 国産 雑穀 米 雑穀米 送料無料 プロテイン キャンプ飯,666
16,17,【ピンクグレープフルーツ再入荷　クーポン利用で2箱15%OFF】炭酸水 500ml 24本 送料無料 強炭酸 無糖 ZAO SODA プレーン レモン ライフドリンクカンパニー LDC,1598
17,18,【不定期開催／数量限定】カネ吉の惣菜おまかせセット,1600
18,19,UVイデア XL プロテクショントーンアップ ローズ(30ml)【lvp】【ラ ロッシュ ポゼ】,3740
19,20,＼間もなく終了！P5倍以上／父の日ギフト 特大うなぎ2尾！完売前に早割3980円送料無料！特大にほんうなぎ蒲焼き200g×2尾！2個で500円OFFクーポン有！[台湾産 2-4人前]お中元 ギフト お取り寄せグルメ 土用丑の日 ウナギ 鰻 食べ物 プレゼント 実用的,3980
20,21,【期間限定12000円→5999円＆150円OFFクーポン】新牛めしの具(プレミアム仕様)30食セット【牛丼の具】 グルメ 1個当たりたっぷり135g冷凍食品 冷凍 おかず セット 冷食 お惣菜 牛丼 肉 業務用 惣菜 お弁当 絶品 お取り寄せ お取り寄せグルメ おとりよせ 送料無料 お試し,5999
21,22,クリスタルガイザー シャスタ産正規輸入品エコボトル 水(500ml*48本入)【クリスタルガイザー(Crystal Geyser)】,2270
22,23,12本単位で8種類を選べる★【送料無料】カゴメ200ml紙パックシリーズ選べる96本セット(野菜ジュース トマトジュース)※北海道800円・東北400円の別途送料加算,7450
23,24,メロン 送料無料 2玉 赤肉 北海道産 【秀品】 1玉あたり1.3kg以上 低農薬栽培 北海道産 【秀品】 低農薬栽培 御中元 贈答 夏ギフト お取寄せ 果物ギフト フルーツ 内祝 プレゼント 法要 帰省土産 暑中見舞い 御礼 御祝 お返し,7980
24,25,【6/18以降順次出荷】アタックZERO 洗濯洗剤 つめかえ用 超特大サイズ 5倍 梱販売用(1800g*6袋入)【アタックZERO】,9362
25,26,【6/23以降順次出荷】P＆G レノア オードリュクス 柔軟剤 パルファム イノセントNo.10 詰替用 特大サイズ(600ml*6袋セット)【lrm02】【レノア オードリュクス】,6980
26,27,【処方箋不要】 【送料無料】 メダリストワンデープラス 90枚パック 2箱セット ( コンタクトレンズ コンタクト 1日使い捨て ワンデー 1day ボシュロム 90枚 90枚 マキシボックス ),5770
27,28,【365日出荷】VOX 強炭酸水 500ml×24本 送料無料 世界最高レベルの炭酸充填量5.0 軟水 日本の天然水 スパークリングウォーター 選べる5種類（ストレート・シリカ・ミントフレーバー・レモンフレーバー・コーラフレーバー）,1650
28,29,"【“半額”クーポンで1,180円⇒590円！】国産 雑穀 雑穀米 450g 送料無料 熊本 県産 二十五雑穀米 くまモン 袋 話題 もち麦 発芽玄米 アマランサス 配合 セール sale《3-7営業日以内に出荷予定(土日祝日除く)》",1180
29,30,父の日 ギフト ビール 飲み比べ セット 早得 お酒 プレゼント クラフトビール 詰め合わせ 4000円 グルメ 食べ物 実用的 よなよなエール 送料無料 ヤッホーブルーイング よなよなの里 お父さん 男性 10本,3685
